{"cameraMode":{"drawMode":0,"name":"Shaded","section":"Shading Mode"},"sceneLighting":false,"audioPlay":false,"sceneViewState":{"m_AlwaysRefresh":false,"showFog":true,"showSkybox":false,"showFlares":true,"showImageEffects":true,"showParticleSystems":true,"showVisualEffectGraphs":true,"m_FxEnabled":true},"in2DMode":false,"pivot":{"x":7.136844635009766,"y":-0.4069429636001587,"z":10.647439956665039},"rotation":{"x":0.24555379152297975,"y":-0.14097559452056886,"z":0.03615258261561394,"w":0.9584969282150269},"size":1.6330125331878663,"orthographic":false}