{"cameraMode":{"drawMode":0,"name":"Shaded","section":"Shading Mode"},"sceneLighting":true,"audioPlay":false,"sceneViewState":{"m_AlwaysRefresh":false,"showFog":true,"showSkybox":true,"showFlares":true,"showImageEffects":true,"showParticleSystems":true,"showVisualEffectGraphs":true,"m_FxEnabled":true},"in2DMode":false,"pivot":{"x":59.531192779541019,"y":-174.4346923828125,"z":346.05950927734377},"rotation":{"x":-0.2475380301475525,"y":-0.07122310996055603,"z":0.018185488879680635,"w":-0.9662030339241028},"size":198.1096954345703,"orthographic":false}