{"cameraMode":{"drawMode":0,"name":"Shaded","section":"Shading Mode"},"sceneLighting":true,"audioPlay":false,"sceneViewState":{"m_AlwaysRefresh":false,"showFog":true,"showSkybox":true,"showFlares":true,"showImageEffects":true,"showParticleSystems":true,"showVisualEffectGraphs":true,"m_FxEnabled":true},"in2DMode":false,"pivot":{"x":-0.5547780990600586,"y":-17.038494110107423,"z":-42.720001220703128},"rotation":{"x":0.0013808553339913488,"y":0.9635524749755859,"z":-0.2676049470901489,"w":0.004875985439866781},"size":30.666162490844728,"orthographic":false}